{
    "accuracy": 0.8660377871349083,
    "loss": 0.2882488589076435
}