{
    "accuracy": 0.8448056933616821,
    "loss": 0.32926803827285767
}