{
    "accuracy": 0.865441907171585,
    "loss": 0.30575326786321755
}